"DisplayName","Email","Password","Role"
"鑑定屋館長","admin@qmah.local","","Admin"
"荷風畫卷","user@qmah.local","","User"
"青瓷小盞","catalog@qmah.local","","User"
"蘭亭香筒","game@qmah.local","","User"
"流釉茶碗","social@qmah.local","","User"
"鳳紋琺瑯","store@qmah.local","","User"
"松間卷軸","player-a@qmah.local","","User"
"硯邊留白","player-b@qmah.local","","User"
"案頭銅鏡","demo.member03@qmah.test","","User"
"朱漆小盒","demo.member04@qmah.test","","User"
"竹影筆筒","demo.member05@qmah.test","","User"
"山水長卷","demo.member06@qmah.test","","User"
"古錢小匣","demo.member07@qmah.test","","User"
"白玉雙魚","demo.member08@qmah.test","","User"
"雲紋香爐","demo.member09@qmah.test","","User"
"墨色山水","demo.member10@qmah.test","","User"
"青花小瓶","demo.member11@qmah.test","","User"
"篆印藏家","demo.member12@qmah.test","","User"
"素瓷茶盞","demo.member13@qmah.test","","User"
"鏤空小球","demo.member14@qmah.test","","User"
"雙魚銅洗","demo.member15@qmah.test","","User"
"花鳥方瓶","demo.member16@qmah.test","","User"
"翡翠小墜","demo.member17@qmah.test","","User"
"剔紅套盒","demo.member18@qmah.test","","User"
